{
  "anvil_cost": 2,
  "description": {
    "text": "Anti-gravity"
  },
  "effects": {
    "minecraft:attributes": [
      {
        "amount": {
          "type": "minecraft:linear",
          "base": -0.2,
          "per_level_above_first": -0.1
        },
        "attribute": "minecraft:generic.gravity",
        "name": "Anti-gravity",
        "operation": "add_multiplied_base",
        "uuid": "ec0d625f-de58-1965-27e7-c815b33e0515"
      }
    ]
  },
  "exclusive_set": "#minecraft:exclusive_set/legs",
  "max_cost": {
    "base": 18,
    "per_level_above_first": 8
  },
  "max_level": 4,
  "min_cost": {
    "base": 10,
    "per_level_above_first": 8
  },
  "slots": [
    "legs"
  ],
  "supported_items": "#minecraft:enchantable/leg_armor",
  "weight": 5
}